
INSERT INTO db_sarlota.recept (id, naslov, priprema, omiljeni, fotografija, aktivan) VALUES (1, 'Baklava', 'Prvo napraviti zaljev (šerbet ili agdu) kako bi se ohladio kada baklava bude pečena. Kuhati vodu i šećer 10-ak min. Pred kraj dodati sok od pola limuna. Ostaviti da se hladi za vrijeme pravljenja baklave, jer ide vruća baklava - hladan zaljev.
Tepsiju veličine 20x30cm premazati uljem. Kore izrezati na veličinu tepsije (u mom slučaju kore prepoloviti). Orahe i prezlo izmješati. Najprije redati u tepsiju 3 kore svaku premazati uljem (s cetkicom). Četvrtu posuti mješavinom oraha i prezle (odprilike 3-4 kašike) petu premazati uljem. Tako redati do kraja, jednu premazati uljem, sljedeću posuti orasima dok se ne potroši sav materijal. Na kraju 3 kore premazati samo uljem kao na početku. Ostaviti sa strane još jednu koru. Baklavu isjeći dijagonalno na rombove. Zagrijati 125ml ulja i 125g maslaca te preliti preko isječene baklave. Na baklavu staviti jednu cijelu koru koju smo ostavili sa strane kako nebi izgorila.Baklava se peče 50min. Zagrijati rernu na 200C. Prvih 10 minuta peći na 200C. Smanjiti na 180C pa peći idućih 30 minuta na 180C. Na kraju pečenja ponovo pojačati temperaturu na 200C pa peći još 10 minuta.Izvaditi iz rerne, skinuti gornju koru (koja je malo izgorila) i preliti hladnim zaljevom. Kada upije zaljev mozete poklopiti drugom tepsijom 10-ak minuta da stoji kako se nebi gornja kora dizala. Ostaviti da se hladi na sobnoj temperaturi, pa prebaciti u frižider pokrivenu aluminijskom folijom. Baklava može dugo stajati u frižideru, ali nestat ce u trenu. U slast!', 1, 'https://shorturl.at/aknoJ', 1);
INSERT INTO db_sarlota.recept (id, naslov, priprema, omiljeni, fotografija, aktivan) VALUES (2, 'Cheesecake', 'Keks, mleko i maslac koji je bio nekoliko sati na sobnoj temperaturi, umesiti rukama i u kalup utapkati rukama za podlogu.
Slatku pavlaku umutiti mikserom sa kremfixom. U drugoj posudi umutiti sir sa šećerom u prahu, vanilin šećerom i kašikicom arome vanile. Spojiti ove dve smese..
Želatin preliti sa 4 kašike hladne vode i ostaviti 10-tak minuta da nabubri. Zatim ga zagrevati na vatri do tačke ključanja (ne sme da provri). Sipati u smesu sa sirom i slatkom pavlakom i izmiksati sve zajedno, zatim fil staviti preko kore.Maline (zajedno sa svojim sokom, ukoliko su pustile malo soka, dodati oko 2dcl vode) i šećer staviti da prokuvaju oko 10-tak minuta. 2 kesice želatina preliti sa 8 kašika hladne vode i ostaviti 10 minuta da nabubri. Zatim zagrevati do tačke vrenja, 
ali ne sme da proključa isto kao i u prethodnom postupku. Otopljen želatin dodati u posudu sa malinama i ostaviti oko sat vremena da se prohladi.', 1, 'https://shorturl.at/aboLY', 1);
INSERT INTO db_sarlota.recept (id, naslov, priprema, omiljeni, fotografija, aktivan) VALUES (3, 'Čokoladna torta', '1.Pecnicu ugrijte na 180 stupnjeva.2.Kalup promjera 28 cm oblozite papirom za pecenje i lagano namazite margarinom. 
Raditi cemo tri biskvita svaki od gore navedenih sastojaka.4.
Brasno, prasak za pecivo i kakao prosijemo.5.Mikserom umutimo 3 jaja sa secerom dok ne postane pjenasto i blijedo zuto. 
Dodamo ulje i sve malo promiksamo, zatim naizmjence 
( smanjite mikser na najmanju brzinu ili spatulom umijesajte mjesavinu brasna i mlijeka ) dodamo mjesavinu brasna, 
kakaa i praska za pecivo i mlijeko.', 0, 'https://shorturl.at/cjFN2', 1);
INSERT INTO db_sarlota.recept (id, naslov, priprema, omiljeni, fotografija, aktivan) VALUES (4, 'Čoko oranž', '1.Pecnicu ugrijte na 180 stupnjeva.2.Kalup promjera 28 cm oblozite papirom za pecenje i lagano namazite margarinom.Raditi cemo tri biskvita svaki od gore navedenih sastojaka.4.
Brasno, prasak za pecivo i kakao prosijemo.5.Mikserom umutimo 3 jaja sa secerom dok ne postane pjenasto i blijedo zuto. 
Dodamo ulje i sve malo promiksamo, zatim naizmjence ( smanjite mikser na najmanju brzinu ili spatulom umijesajte 
mjesavinu brasna i mlijeka ) dodamo mjesavinu brasna, 
kakaa i praska za pecivo i mlijeko.', 0, 'https://shorturl.at/lAFJ9', 1);
INSERT INTO db_sarlota.recept (id, naslov, priprema, omiljeni, fotografija, aktivan) VALUES (5, 'Kraljica čokolade', '1.Pecnicu ugrijte na 180 stupnjeva.2.Kalup promjera 28 cm oblozite papirom za pecenje i lagano namazite margarinom.Raditi cemo tri biskvita svaki od gore navedenih sastojaka.4.
Brasno, prasak za pecivo i kakao prosijemo.5.Mikserom umutimo 3 jaja sa secerom dok ne 
postane pjenasto i blijedo zuto. Dodamo ulje i sve malo promiksamo, zatim naizmjence 
( smanjite mikser na najmanju brzinu ili spatulom umijesajte mjesavinu brasna i mlijeka ) dodamo mjesavinu brasna, 
kakaa i praska za pecivo i mlijeko.', 1, 'https://shorturl.at/VY149', 1);
INSERT INTO db_sarlota.recept (id, naslov, priprema, omiljeni, fotografija, aktivan) VALUES (6, 'Čoko malina', '1.Pecnicu ugrijte na 180 stupnjeva.2.Kalup promjera 28 cm oblozite papirom za pecenje i lagano namazite margarinom.Raditi cemo tri biskvita svaki od gore navedenih sastojaka.4.
Brasno, prasak za pecivo i kakao prosijemo.5.Mikserom umutimo 3 jaja sa secerom dok ne postane pjenasto i blijedo zuto. 
Dodamo ulje i sve malo promiksamo, zatim naizmjence ( smanjite mikser na najmanju brzinu ili 
spatulom umijesajte mjesavinu brasna i mlijeka ) dodamo mjesavinu brasna, kakaa i praska 
za pecivo i mlijeko.', 0, 'https://shorturl.at/fjDHM', 1);
INSERT INTO db_sarlota.recept (id, naslov, priprema, omiljeni, fotografija, aktivan) VALUES (7, 'Šarlota', 'Složite red piškota, red kreme, pa opet red piškota, pa kreme i to je ukratko opis ove torte.
Ukrasite je popečenim listićima badema, čokoladnim ostrušcima ili šlagom po želji.
Jednostavno za pripremu, a više nego ukusno za vaše nepce.', 0, 'https://shorturl.at/xzNS0', 1);
INSERT INTO db_sarlota.recept (id, naslov, priprema, omiljeni, fotografija, aktivan) VALUES (8, 'Kapri', 'Sadržaj vrećice pudinga pomiješajte s malo mlijeka i umiješajte žumanjke.', 0, 'https://shorturl.at/bevZ4', 1);
INSERT INTO db_sarlota.recept (id, naslov, priprema, omiljeni, fotografija, aktivan) VALUES (9, 'Jaffa', 'Umiješajte pripremljeni puding i kad zavrije, uz miješanje, kuhajte nekoliko minuta.
4.Maknite s vatre, umiješajte bademe, maraskino, namočenu želatinu, kavu i dobro promiješajte.5.
Bjelanjke istucite u snijeg i umiješajte u kremu pa ostavite da se hladi uz povremeno miješanje.6.
Prije nego se krema počne želirati umiješajte slatko vrhnje istučeno u šlag. 7.U međuvremenu okvir kalupa za torte promjera 24 cm stavite na tanjur za posluživanje i složite piškote (s jedne strane kratko umočene u mlijeko) po rubu i dnu.
8. Dio kreme ulijte u kalup, zatim složite red piškota, kremu, piškote i završite kremom. 
Tortu ostavite na hladnom nekoliko sati (ili preko noći), a zatim skinite okvir kalupa za torte.', 0, 'https://shorturl.at/vDOT0', 1);
INSERT INTO db_sarlota.recept (id, naslov, priprema, omiljeni, fotografija, aktivan) VALUES (10, 'Posna Kapri Torta', 'Sadržaj vrećice pudinga pomiješajte s malo mlijeka i umiješajte žumanjke.
Sadržaj vrećice pudinga pomiješajte s malo mlijeka i umiješajte žumanjke.2.
Ostalo mlijeko pustite da zakuha, dodajte šećer, vanilin šećer, natrganu čokoladu i 
kratko prokuvajte.', 0, 'https://shorturl.at/gTW56', 1);
INSERT INTO db_sarlota.recept (id, naslov, priprema, omiljeni, fotografija, aktivan) VALUES (11, 'Minnie Mouse', 'Za biskvit koristiti recept od Masaterinog mramornog jogurt kolača, 
ali umjesto 3 kašike kafe staviti mlijeko. Duplu dozu tijesta, peći u velikom plehu od pećnice na 180 stepeni 
nekih 35 min. Kad se biskvit ohladi, okrenuti ga, skinuti papir za pečenje i izrezati veliki krug za glavu i 
dva mala za uši. Na Minnie je obojani slag uz crvenu masnu i jezik od fondana.', 0, 'https://shorturl.at/opwHR', 1);
INSERT INTO db_sarlota.recept (id, naslov, priprema, omiljeni, fotografija, aktivan) VALUES (12, 'Sladoled torta', 'Umutiti bjelanjke u mješavinu sam pa zatim dodati sećer i nastaviti mutiti dok smjeća ne postane jako čvrsta i sjajna. Na kraju dodati sok od limuna ili sirće. Jos malo mutiti. Umućene bjelanjke sipati u pleh za pečenje ( moze i okrugli pleh za torte, a moze i u obični pravougaonik pleh-da bude u obliku kolača), smjesu fino poravnati. Koru peći ,tj. sušiti na 150 C. oko 1 čas.
Žumanjke mutiti mikserom sa sećerom i vanilin sećerom da dobijete finu pjenastu smješu , zatim dodati brašno. 
1/2 l mlijeka staviti da prokuva, pa onda dodati smjesu od žumanjaka. Stalnim miješanjem skuvati fil od žumanjaka. 
Kad smješa postane gusta fil je gotov. 
U ohladjen fil dodati mikserom margarin. Sve dobro sastaviti.
Fil podijeliti na 2 dijela i u jedan dio dodati sitno mljevene orase(mogu se i izostaviti) a u drugi dio fila dodati 3 reda otopljene čokolade(dakle 3 reda od čokolade od 100g
Preko kore prvo staviti svijetli pa tamni fil. Na kraju tortu ukrasiti slagom.', 0, 'https://shorturl.at/ltvCT', 1);
INSERT INTO db_sarlota.recept (id, naslov, priprema, omiljeni, fotografija, aktivan) VALUES (13, 'Dječija torta', '
Jaja i sećer istući u pjenastu masu. Pomijesati sve  suve sastojke. Dodati mlijeko, pavlaku i dobro izmiješati. Zatim dodati i smješu od jaja.
Visnje  iscijediti, zatim ih umiješati u smjesu, sve još jednom izmiješati. Torta iznutra ostaje socna.
Pećnicu zagrijati na 180°C . Dno kalupa prečnika oko 23cm obložiti masnim papirom i izliti smjesu. Peći oko 40 minuta.
Za preljev; pavlaku staviti na ploču, pustiti da se zagrije (ne prokuvati), zatim umiješati nakidane čokolade i mijesati dok se otope na laganoj vatri. Smjesu preliti preko mlake torte.', 0, '', 1);
INSERT INTO db_sarlota.recept (id, naslov, priprema, omiljeni, fotografija, aktivan) VALUES (14, 'Rođendanska torta', 'Žumanjke, šećer i malo mlijeka dobro izmiksajte 10 minuta. Dodaj ulje i preostalo mlijeko, a zatim lagano izmiksaj. Dodaj brašno, prah za pecivo i kakao.
Izradite šlag od slatke kreme. Istopiti čokoladu na pari. U kremu lagano umiješajte čokoladu. Zagrijte 100 ml pavlake i prelijte preko čokolade. Ostavite 5 minuta pa promiješajte. ostavite sa strane da se malo stvrdne.
Za dno i vrh ostavite cijele biskvite, a središnjima izvadite sredinu pomoću čaše. Biskvite prije slaganja premažite mlijekom kako bi bili sočniji.
Staviti prvi cijeli biskvit i kremu samo u krug na rubove. Sada stavljate i filate biskvite sa rupama. Kad ste ih sve stavili i nafilali u sredinu sipajte čokoladne bombone, Nanesite zadnji sloj kreme i zadnji cijeli biskvit. ', 0, '', 1);
INSERT INTO db_sarlota.recept (id, naslov, priprema, omiljeni, fotografija, aktivan) VALUES (15, 'Boho Torta', 'Najprije skuvajte kremu i to tako da žumanjke, brašno i mlijeko kuvate na pari dok se ne zgusne. 
Bez problema možete staviti i više mlijeka, oko 5 dl( tada stavite 10 dg brašna), da dobijete više kreme. Staviti da se ohladi. Kada se ohladi, umiješati u tu smjesu margarin sa šećerom.
Za kore tucite bjelanjke sa šećerom i u njih lagano umiješajte ostale sastojke.
Sad složiti kolač, staviti 1. koru, prekriti je, pa 2. koru, pa preliv, 3. koru, pa preliv i završite s 4. korom i 
tankim slojem preliva na njoj, čisto da poravnate površinu na koju će doći glazura.', 0, 'https://shorturl.at/mwGM6', 1);
INSERT INTO db_sarlota.recept (id, naslov, priprema, omiljeni, fotografija, aktivan) VALUES (16, 'Dzungla Torta', '1.Pecnicu ugrijte na 180 stupnjeva.2.Kalup promjera 28 cm oblozite papirom za pecenje i lagano namazite margarinom.Raditi cemo tri biskvita svaki od gore navedenih sastojaka.4.
Brasno, prasak za pecivo i kakao prosijemo.5.Mikserom umutimo 3 jaja sa secerom dok ne postane pjenasto i blijedo zuto. Dodamo ulje i sve malo promiksamo, zatim naizmjenično ( smanjite mikser na najmanju brzinu ili spatulom umijesajte mjesavinu brasna i mlijeka ) dodamo mjesavinu brasna, kakaa i praska za pecivo i mlijeko.', 0, '', 1);
INSERT INTO db_sarlota.recept (id, naslov, priprema, omiljeni, fotografija, aktivan) VALUES (17, 'Svadbena torta', 'Jaja i sećer istući u pjenastu masu. Pomijesati sve  suve sastojke. Dodati mlijeko, pavlaku i dobro izmiješati. Zatim dodati i smješu od jaja.
Visnje  iscijediti, zatim ih umiješati u smjesu, sve još jednom izmiješati. Torta iznutra ostaje socna.
Pećnicu zagrijati na 180°C . Dno kalupa prečnika oko 23cm obložiti masnim papirom i izliti smjesu. Peći oko 40 minuta.
Za preljev; pavlaku staviti na ploču, pustiti da se zagrije (ne prokuvati), zatim umiješati nakidane čokolade i 
mijesati dok se otope na laganoj vatri. 
Smjesu preliti preko mlake torte.', 0, 'https://shorturl.at/bdrL1', 1);
INSERT INTO db_sarlota.recept (id, naslov, priprema, omiljeni, fotografija, aktivan) VALUES (18, 'Medo torta', 'Umutiti bjelanjke u mješavinu sam pa zatim dodati sećer i nastaviti mutiti dok smjeća ne postane jako čvrsta i sjajna. Na kraju dodati sok od limuna ili sirće. Jos malo mutiti. Umućene bjelanjke sipati u pleh za pečenje ( moze i okrugli pleh za torte, a moze i u obični pravougaonik pleh-da bude u obliku kolača), smjesu fino poravnati. Koru peći ,tj. sušiti na 150 C. oko 1 čas.
Žumanjke mutiti mikserom sa sećerom i vanilin sećerom da dobijete finu pjenastu smješu , zatim dodati brašno. 
1/2 l mlijeka staviti da prokuva, pa onda dodati smjesu od žumanjaka. Stalnim miješanjem skuvati fil od žumanjaka. Kad smješa postane gusta fil je gotov. 
U ohladjen fil dodati mikserom margarin. Sve dobro sastaviti.
Fil podijeliti na 2 dijela i u jedan dio dodati sitno mljevene orase(mogu se i izostaviti) a u drugi dio fila dodati 3 reda otopljene čokolade(dakle 3 reda od čokolade od 100g
Preko kore prvo staviti svijetli pa tamni fil. Na kraju tortu ukrasiti slagom i preliti 
sa 100ml meda.', 0, '', 1);
INSERT INTO db_sarlota.recept (id, naslov, priprema, omiljeni, fotografija, aktivan) VALUES (19, 'Kofer torta', 'Najprije skuvajte kremu i to tako da žumanjke, brašno i mlijeko kuvate na pari dok se ne zgusne. 
Bez problema možete staviti i više mlijeka, oko 5 dl( tada stavite 10 dg brašna), da dobijete više kreme. Staviti da se ohladi. Kada se ohladi, umiješati u tu smjesu margarin sa šećerom.
Za kore tucite bjelanjke sa šećerom i u njih lagano umiješajte ostale sastojke.
Sad složiti kolač, staviti 1. koru, prekriti je, pa 2. koru, pa preliv, 3. koru, pa preliv i završite s 4. korom i tankim slojem preliva na njoj, 
čisto da poravnate površinu na koju će doći glazura.', 0, '', 1);




INSERT INTO db_sarlota.zaposleni (id, ime, prezime, korisnicko_ime, lozinka, plata, tip_zaposlenog, fotografija) VALUES (1, 'Sarlota', 'Poslasticar', 'admin', '$2a$10$MrcxHg7oN9/XEVEZBuO4D.JqCTXvJS15L34dW2YC87.B/Bx8/tMm2', 2000, 0, 'https://bit.ly/3RzJ1UK');
INSERT INTO db_sarlota.zaposleni (id, ime, prezime, korisnicko_ime, lozinka, plata, tip_zaposlenog, fotografija) VALUES (124, 'Buddy', 'Valastro', 'radnik', '$2a$10$MrcxHg7oN9/XEVEZBuO4D.JqCTXvJS15L34dW2YC87.B/Bx8/tMm2', 1500, 1, 'https://i2-prod.mirror.co.uk/incoming/article4621334.ece/ALTERNATES/s1200c/Cake-boss.jpg');



INSERT INTO db_sarlota.kontakt (id, ime, prezime, broj_telefona, link_profila, email) VALUES (2, 'Milica', 'Milakovic', '065123456', 'https://www.facebook.com/milakovicmili/', 'milica@mail.com');
INSERT INTO db_sarlota.kontakt (id, ime, prezime, broj_telefona, link_profila, email) VALUES (3, 'Gorana', 'Golubovic', '065236548', 'https://www.facebook.com/milakovicmili/', 'gorana@mail.com');
INSERT INTO db_sarlota.kontakt (id, ime, prezime, broj_telefona, link_profila, email) VALUES (4, 'Milana', 'Knezevic', '066548934', 'https://www.facebook.com/milakovicmili/', 'milana@mail.com');
INSERT INTO db_sarlota.kontakt (id, ime, prezime, broj_telefona, link_profila, email) VALUES (5, 'Stefan', 'Kapetanovic', '065786256', 'https://www.facebook.com/milakovicmili/', 'stefan@mail.com');
INSERT INTO db_sarlota.kontakt (id, ime, prezime, broj_telefona, link_profila, email) VALUES (6, 'Danilo', 'Vrancic', '065125895', 'https://www.facebook.com/milakovicmili/', 'danilo@mail.com');
INSERT INTO db_sarlota.kontakt (id, ime, prezime, broj_telefona, link_profila, email) VALUES (7, 'Oliver', 'Eric', '066857658', 'https://www.facebook.com/milakovicmili/', 'oliver@mail.com');


INSERT INTO db_sarlota.namirnica (id, naziv, cijena_po_jedinici, jedinica) VALUES (1, 'brasno', 2.00, 'kg');
INSERT INTO db_sarlota.namirnica (id, naziv, cijena_po_jedinici, jedinica) VALUES (2, 'jaja', 0.40, 'komad');
INSERT INTO db_sarlota.namirnica (id, naziv, cijena_po_jedinici, jedinica) VALUES (3, 'mlijeko', 2.00, 'l');
INSERT INTO db_sarlota.namirnica (id, naziv, cijena_po_jedinici, jedinica) VALUES (4, 'plazma', 5.00, 'kutija');
INSERT INTO db_sarlota.namirnica (id, naziv, cijena_po_jedinici, jedinica) VALUES (5, 'orasi', 17.00, 'kg');
INSERT INTO db_sarlota.namirnica (id, naziv, cijena_po_jedinici, jedinica) VALUES (6, 'šlag', 3.00, 'l');


INSERT INTO db_sarlota.namirnica_u_receptu (id, recept_id, namirnica_id, kolicina) VALUES (1, 1, 1, 2.00);
INSERT INTO db_sarlota.namirnica_u_receptu (id, recept_id, namirnica_id, kolicina) VALUES (2, 1, 3, 2.00);
INSERT INTO db_sarlota.namirnica_u_receptu (id, recept_id, namirnica_id, kolicina) VALUES (3, 3, 3, 3.00);
INSERT INTO db_sarlota.namirnica_u_receptu (id, recept_id, namirnica_id, kolicina) VALUES (5, 2, 1, 2.00);
INSERT INTO db_sarlota.namirnica_u_receptu (id, recept_id, namirnica_id, kolicina) VALUES (6, 5, 5, 1.00);
INSERT INTO db_sarlota.namirnica_u_receptu (id, recept_id, namirnica_id, kolicina) VALUES (7, 2, 2, 2.00);
INSERT INTO db_sarlota.namirnica_u_receptu (id, recept_id, namirnica_id, kolicina) VALUES (8, 2, 2, 1.00);
INSERT INTO db_sarlota.namirnica_u_receptu (id, recept_id, namirnica_id, kolicina) VALUES (9, 4, 4, 2.00);
INSERT INTO db_sarlota.namirnica_u_receptu (id, recept_id, namirnica_id, kolicina) VALUES (10, 9, 2, 1.00);
INSERT INTO db_sarlota.namirnica_u_receptu (id, recept_id, namirnica_id, kolicina) VALUES (11, 10, 2, 2.00);
INSERT INTO `db_sarlota`.`namirnica_u_receptu` (`recept_id`, `namirnica_id`, `kolicina`) VALUES ('6', '1', '2');
INSERT INTO `db_sarlota`.`namirnica_u_receptu` (`recept_id`, `namirnica_id`, `kolicina`) VALUES ('6', '2', '2');
INSERT INTO `db_sarlota`.`namirnica_u_receptu` (`recept_id`, `namirnica_id`, `kolicina`) VALUES ('6', '6', '1');
INSERT INTO `db_sarlota`.`namirnica_u_receptu` (`recept_id`, `namirnica_id`, `kolicina`) VALUES ('7', '1', '1');
INSERT INTO `db_sarlota`.`namirnica_u_receptu` (`recept_id`, `namirnica_id`, `kolicina`) VALUES ('7', '2', '1');
INSERT INTO `db_sarlota`.`namirnica_u_receptu` (`recept_id`, `namirnica_id`, `kolicina`) VALUES ('7', '3', '2');
INSERT INTO `db_sarlota`.`namirnica_u_receptu` (`recept_id`, `namirnica_id`, `kolicina`) VALUES ('7', '5', '2');
INSERT INTO `db_sarlota`.`namirnica_u_receptu` (`recept_id`, `namirnica_id`, `kolicina`) VALUES ('8', '1', '1');
INSERT INTO `db_sarlota`.`namirnica_u_receptu` (`recept_id`, `namirnica_id`, `kolicina`) VALUES ('8', '2', '2');
INSERT INTO `db_sarlota`.`namirnica_u_receptu` (`recept_id`, `namirnica_id`, `kolicina`) VALUES ('11', '1', '1');
INSERT INTO `db_sarlota`.`namirnica_u_receptu` (`recept_id`, `namirnica_id`, `kolicina`) VALUES ('11', '2', '1');
INSERT INTO `db_sarlota`.`namirnica_u_receptu` (`recept_id`, `namirnica_id`, `kolicina`) VALUES ('11', '6', '1');
INSERT INTO `db_sarlota`.`namirnica_u_receptu` (`recept_id`, `namirnica_id`, `kolicina`) VALUES ('12', '1', '1');
INSERT INTO `db_sarlota`.`namirnica_u_receptu` (`recept_id`, `namirnica_id`, `kolicina`) VALUES ('12', '2', '2');
INSERT INTO `db_sarlota`.`namirnica_u_receptu` (`recept_id`, `namirnica_id`, `kolicina`) VALUES ('12', '4', '3');
INSERT INTO `db_sarlota`.`namirnica_u_receptu` (`recept_id`, `namirnica_id`, `kolicina`) VALUES ('13', '1', '4');
INSERT INTO `db_sarlota`.`namirnica_u_receptu` (`recept_id`, `namirnica_id`, `kolicina`) VALUES ('13', '2', '1');
INSERT INTO `db_sarlota`.`namirnica_u_receptu` (`recept_id`, `namirnica_id`, `kolicina`) VALUES ('14', '1', '1');
INSERT INTO `db_sarlota`.`namirnica_u_receptu` (`recept_id`, `namirnica_id`, `kolicina`) VALUES ('15', '2', '2');
INSERT INTO `db_sarlota`.`namirnica_u_receptu` (`recept_id`, `namirnica_id`, `kolicina`) VALUES ('15', '3', '1');
INSERT INTO `db_sarlota`.`namirnica_u_receptu` (`recept_id`, `namirnica_id`, `kolicina`) VALUES ('16', '1', '2');
INSERT INTO `db_sarlota`.`namirnica_u_receptu` (`recept_id`, `namirnica_id`, `kolicina`) VALUES ('16', '2', '3');
INSERT INTO `db_sarlota`.`namirnica_u_receptu` (`recept_id`, `namirnica_id`, `kolicina`) VALUES ('16', '3', '4');
INSERT INTO `db_sarlota`.`namirnica_u_receptu` (`recept_id`, `namirnica_id`, `kolicina`) VALUES ('16', '4', '2');
INSERT INTO `db_sarlota`.`namirnica_u_receptu` (`recept_id`, `namirnica_id`, `kolicina`) VALUES ('17', '1', '1');
INSERT INTO `db_sarlota`.`namirnica_u_receptu` (`recept_id`, `namirnica_id`, `kolicina`) VALUES ('18', '2', '1');
INSERT INTO `db_sarlota`.`namirnica_u_receptu` (`recept_id`, `namirnica_id`, `kolicina`) VALUES ('18', '3', '2');
INSERT INTO `db_sarlota`.`namirnica_u_receptu` (`recept_id`, `namirnica_id`, `kolicina`) VALUES ('19', '1', '2');
INSERT INTO `db_sarlota`.`namirnica_u_receptu` (`recept_id`, `namirnica_id`, `kolicina`) VALUES ('19', '2', '1');
INSERT INTO `db_sarlota`.`namirnica_u_receptu` (`recept_id`, `namirnica_id`, `kolicina`) VALUES ('19', '5', '3');



INSERT INTO db_sarlota.nabavka (id, datum, cijena) VALUES (1, '2023-02-04', 30);
INSERT INTO db_sarlota.nabavka (id, datum, cijena) VALUES (2, '2023-02-02', 20);
INSERT INTO db_sarlota.nabavka (id, datum, cijena) VALUES (5, '2023-02-05', 10);
INSERT INTO db_sarlota.nabavka (id, datum, cijena) VALUES (6, '2023-02-02', 318);


INSERT INTO db_sarlota.nabavka_namirnice (id, nabavka_id, namirnica_id, kolicina) VALUES (1, 1, 1, 1.00);
INSERT INTO db_sarlota.nabavka_namirnice (id, nabavka_id, namirnica_id, kolicina) VALUES (2, 1, 2, 2.00);
INSERT INTO db_sarlota.nabavka_namirnice (id, nabavka_id, namirnica_id, kolicina) VALUES (4, 2, 3, 4.00);
INSERT INTO db_sarlota.nabavka_namirnice (id, nabavka_id, namirnica_id, kolicina) VALUES (7, 5, 1, 5.00);
INSERT INTO db_sarlota.nabavka_namirnice (id, nabavka_id, namirnica_id, kolicina) VALUES (8, 6, 1, 4.00);
INSERT INTO db_sarlota.nabavka_namirnice (id, nabavka_id, namirnica_id, kolicina) VALUES (9, 6, 2, 10.00);
INSERT INTO db_sarlota.nabavka_namirnice (id, nabavka_id, namirnica_id, kolicina) VALUES (10, 6, 3, 5.00);

INSERT INTO db_sarlota.narudzba (id, datum_prijema, datum_isporuke, broj_komada, napomene, naziv, slika, kontakt, adresa, ime_narucioca, aktivna, cijena, id_recepta, velicina) VALUES (1, '2023-05-22 00:00:00', '2023-06-24 00:00:00', 36, 'rozi fondan', 'Sladoled torta', 'https://shorturl.at/ltvCT', '066/693-933', 'Duška Koščice 25', 'Gorana Golubović', 1, 120.00, 1, 'Mala');
INSERT INTO db_sarlota.narudzba (id, datum_prijema, datum_isporuke, broj_komada, napomene, naziv, slika, kontakt, adresa, ime_narucioca, aktivna, cijena, id_recepta, velicina) VALUES (2, '2023-05-07 00:00:00', '2023-06-07 00:00:00', 36, 'rozi fondan', 'Sladoled torta', 'https://shorturl.at/ltvCT', '066/693-933', 'Duška Koščice 25', 'Milica Milaković', 1, 120.00, 1, 'Mala');
INSERT INTO db_sarlota.narudzba (id, datum_prijema, datum_isporuke, broj_komada, napomene, naziv, slika, kontakt, adresa, ime_narucioca, aktivna, cijena, id_recepta, velicina) VALUES (4, '2023-06-02 02:04:39', '2023-06-11 02:04:51', 35, 'fondan', 'Djecija torta', 'https://shorturl.at/wABLM', '066125648', 'Duška Koščice 25', 'Milica Milaković', 1, 100.00, 2, 'Srednja');
INSERT INTO db_sarlota.narudzba (id, datum_prijema, datum_isporuke, broj_komada, napomene, naziv, slika, kontakt, adresa, ime_narucioca, aktivna, cijena, id_recepta, velicina) VALUES (5, '2023-06-08 02:06:35', '2023-06-11 02:06:45', 25, 'fondan', 'Rodjendanska torta', 'https://shorturl.at/stGKP', '025458561', 'Adresa', 'Milica Milakovic', 1, 90.00, 3, 'Mala');
INSERT INTO db_sarlota.narudzba (id, datum_prijema, datum_isporuke, broj_komada, napomene, naziv, slika, kontakt, adresa, ime_narucioca, aktivna, cijena, id_recepta, velicina) VALUES (6, '2023-06-08 02:08:38', '2023-06-10 02:08:43', 50, 'fondan', 'Minnie Mouse', 'https://shorturl.at/opwHR', '123456785', 'Adresa', 'Gorana Golubovic', 1, 110.00, 4, 'Velika');
INSERT INTO db_sarlota.narudzba (id, datum_prijema, datum_isporuke, broj_komada, napomene, naziv, slika, kontakt, adresa, ime_narucioca, aktivna, cijena, id_recepta, velicina) VALUES (7, '2023-06-16 02:10:08', '2023-06-16 02:10:19', 35, 'fondan', 'Boho Torta', 'https://shorturl.at/mwGM6', '065245485', 'Adresa', 'Gorana ', 1, 110.00, 5, 'Velika');
INSERT INTO db_sarlota.narudzba (id, datum_prijema, datum_isporuke, broj_komada, napomene, naziv, slika, kontakt, adresa, ime_narucioca, aktivna, cijena, id_recepta, velicina) VALUES (8, '2023-06-20 02:11:36', '2023-06-20 02:11:47', 40, 'fondan', 'Dzungla Torta', '', '06583753', 'Adresa', 'Marko Markovic', 1, 120.00, 4, 'Srednja');
INSERT INTO db_sarlota.narudzba (id, datum_prijema, datum_isporuke, broj_komada, napomene, naziv, slika, kontakt, adresa, ime_narucioca, aktivna, cijena, id_recepta, velicina) VALUES (9, '2023-06-20 02:12:58', '2023-06-21 02:13:10', 100, 'svadbena', 'Svadbena Torta', 'https://shorturl.at/bdrL1', '065268452', 'Adresa', 'Jelena Jovanic', 1, 250.00, 4, 'Velika');
INSERT INTO db_sarlota.narudzba (id, datum_prijema, datum_isporuke, broj_komada, napomene, naziv, slika, kontakt, adresa, ime_narucioca, aktivna, cijena, id_recepta, velicina) VALUES (10, '2023-06-21 02:15:04', '2023-06-22 02:15:12', 30, 'djecija', 'Medo Torta', '', '065123564', 'Adresa', 'Milana Peric', 1, 120.00, 3, 'Srednja');
INSERT INTO db_sarlota.narudzba (id, datum_prijema, datum_isporuke, broj_komada, napomene, naziv, slika, kontakt, adresa, ime_narucioca, aktivna, cijena, id_recepta, velicina) VALUES (11, '2023-06-22 02:17:08', '2023-06-23 02:17:14', 60, 'fondan', 'Kofer Torta', '', '065214575', 'Adresa', 'Jovan Milic', 1, 120.00, 6, 'Srednja');

