
INSERT INTO db_sarlota.recept (id, naslov, priprema, omiljeni, fotografija, aktivan) VALUES (1, 'Baklava', 'Prvo napraviti zaljev (šerbet ili agdu) kako bi se ohladio kada baklava bude pečena. Kuhati vodu i šećer 10-ak min. Pred kraj dodati sok od pola limuna. Ostaviti da se hladi za vrijeme pravljenja baklave, jer ide vruća baklava - hladan zaljev.
Tepsiju veličine 20x30cm premazati uljem. Kore izrezati na veličinu tepsije (u mom slučaju kore prepoloviti). Orahe i prezlo izmješati. Najprije redati u tepsiju 3 kore svaku premazati uljem (s cetkicom). Četvrtu posuti mješavinom oraha i prezle (odprilike 3-4 kašike) petu premazati uljem. Tako redati do kraja, jednu premazati uljem, sljedeću posuti orasima dok se ne potroši sav materijal. Na kraju 3 kore premazati samo uljem kao na početku. Ostaviti sa strane još jednu koru. Baklavu isjeći dijagonalno na rombove. Zagrijati 125ml ulja i 125g maslaca te preliti preko isječene baklave. Na baklavu staviti jednu cijelu koru koju smo ostavili sa strane kako nebi izgorila.Baklava se peče 50min. Zagrijati rernu na 200C. Prvih 10 minuta peći na 200C. Smanjiti na 180C pa peći idućih 30 minuta na 180C. Na kraju pečenja ponovo pojačati temperaturu na 200C pa peći još 10 minuta.Izvaditi iz rerne, skinuti gornju koru (koja je malo izgorila) i preliti hladnim zaljevom. Kada upije zaljev mozete poklopiti drugom tepsijom 10-ak minuta da stoji kako se nebi gornja kora dizala. Ostaviti da se hladi na sobnoj temperaturi, pa prebaciti u frižider pokrivenu aluminijskom folijom. Baklava može dugo stajati u frižideru, ali nestat ce u trenu. U slast!', 1, 'https://scontent.fbeg5-1.fna.fbcdn.net/v/t39.30808-6/318508803_1751953475204911_8412839264734639900_n.jpg?_nc_cat=111&ccb=1-7&_nc_sid=8bfeb9&_nc_ohc=lpQo2z10ssIAX_b7iCp&_nc_ht=scontent.fbeg5-1.fna&oh=00_AfCY_blK_z-NA7szy8uw-xeS6JfN7yW0oGMP581-LxHI1Q&oe=63E716B6', 1);
INSERT INTO db_sarlota.recept (id, naslov, priprema, omiljeni, fotografija, aktivan) VALUES (2, 'Cheesecake', 'Keks, mleko i maslac koji je bio nekoliko sati na sobnoj temperaturi, umesiti rukama i u kalup utapkati rukama za podlogu.
Slatku pavlaku umutiti mikserom sa kremfixom. U drugoj posudi umutiti sir sa šećerom u prahu, vanilin šećerom i kašikicom arome vanile. Spojiti ove dve smese..
Želatin preliti sa 4 kašike hladne vode i ostaviti 10-tak minuta da nabubri. Zatim ga zagrevati na vatri do tačke ključanja (ne sme da provri). Sipati u smesu sa sirom i slatkom pavlakom i izmiksati sve zajedno, zatim fil staviti preko kore.Maline (zajedno sa svojim sokom, ukoliko su pustile malo soka, dodati oko 2dcl vode) i šećer staviti da prokuvaju oko 10-tak minuta. 2 kesice želatina preliti sa 8 kašika hladne vode i ostaviti 10 minuta da nabubri. Zatim zagrevati do tačke vrenja, ali ne sme da proključa isto kao i u prethodnom postupku. Otopljen želatin dodati u posudu sa malinama i ostaviti oko sat vremena da se prohladi.', 1, 'https://scontent.fbeg5-1.fna.fbcdn.net/v/t39.30808-6/315237395_1732898793777046_1284997231808795342_n.jpg?_nc_cat=109&ccb=1-7&_nc_sid=8bfeb9&_nc_ohc=n5dSIlIf4x0AX-Vxt_7&_nc_ht=scontent.fbeg5-1.fna&oh=00_AfCPSjIr3r6I4s2tWid4u6cXF4PluK1aaiiYMfoQ-augbg&oe=63E6E641', 1);
INSERT INTO db_sarlota.recept (id, naslov, priprema, omiljeni, fotografija, aktivan) VALUES (3, 'Čokoladna torta', '1.Pecnicu ugrijte na 180 stupnjeva.2.Kalup promjera 28 cm oblozite papirom za pecenje i lagano namazite margarinom.Raditi cemo tri biskvita svaki od gore navedenih sastojaka.4.
Brasno, prasak za pecivo i kakao prosijemo.5.Mikserom umutimo 3 jaja sa secerom dok ne postane pjenasto i blijedo zuto. Dodamo ulje i sve malo promiksamo, zatim naizmjence ( smanjite mikser na najmanju brzinu ili spatulom umijesajte mjesavinu brasna i mlijeka ) dodamo mjesavinu brasna, kakaa i praska za pecivo i mlijeko.', 0, 'https://scontent.fbeg5-1.fna.fbcdn.net/v/t39.30808-6/316016647_1737750393291886_4459834143620605942_n.jpg?_nc_cat=108&ccb=1-7&_nc_sid=8bfeb9&_nc_ohc=hj1mqfsG1u8AX9WvSiT&_nc_ht=scontent.fbeg5-1.fna&oh=00_AfD9sZP1_vxZOxUkaGYMF3EBIRElAjHgstfJdU5-3coLNA&oe=63E781B8', 1);
INSERT INTO db_sarlota.recept (id, naslov, priprema, omiljeni, fotografija, aktivan) VALUES (4, 'Čoko oranž', '1.Pecnicu ugrijte na 180 stupnjeva.2.Kalup promjera 28 cm oblozite papirom za pecenje i lagano namazite margarinom.Raditi cemo tri biskvita svaki od gore navedenih sastojaka.4.
Brasno, prasak za pecivo i kakao prosijemo.5.Mikserom umutimo 3 jaja sa secerom dok ne postane pjenasto i blijedo zuto. Dodamo ulje i sve malo promiksamo, zatim naizmjence ( smanjite mikser na najmanju brzinu ili spatulom umijesajte mjesavinu brasna i mlijeka ) dodamo mjesavinu brasna, kakaa i praska za pecivo i mlijeko.', 0, 'https://scontent.fbeg5-1.fna.fbcdn.net/v/t39.30808-6/314422139_1731391647261094_1983136292452693631_n.jpg?_nc_cat=107&ccb=1-7&_nc_sid=8bfeb9&_nc_ohc=a7QZ98IHWjcAX-JRQ6O&tn=U-z4D76lQUF2yCg5&_nc_ht=scontent.fbeg5-1.fna&oh=00_AfCeYYgjfSfJLTB3Vi8PWlOmyksWKeVf133ApAcbE17mkA&oe=63E7261E', 1);
INSERT INTO db_sarlota.recept (id, naslov, priprema, omiljeni, fotografija, aktivan) VALUES (5, 'Kraljica čokolade', '1.Pecnicu ugrijte na 180 stupnjeva.2.Kalup promjera 28 cm oblozite papirom za pecenje i lagano namazite margarinom.Raditi cemo tri biskvita svaki od gore navedenih sastojaka.4.
Brasno, prasak za pecivo i kakao prosijemo.5.Mikserom umutimo 3 jaja sa secerom dok ne postane pjenasto i blijedo zuto. Dodamo ulje i sve malo promiksamo, zatim naizmjence ( smanjite mikser na najmanju brzinu ili spatulom umijesajte mjesavinu brasna i mlijeka ) dodamo mjesavinu brasna, kakaa i praska za pecivo i mlijeko.', 1, 'https://scontent.fbeg5-1.fna.fbcdn.net/v/t39.30808-6/315723414_1735240963542829_6473799719559599982_n.jpg?_nc_cat=111&ccb=1-7&_nc_sid=8bfeb9&_nc_ohc=--HhLP_mrFIAX_1MvGo&_nc_ht=scontent.fbeg5-1.fna&oh=00_AfDFlZn2E5ocOCtwpjbiJKmh3LqKGHPVsJRCOjbn36IQGQ&oe=63E774E4', 1);
INSERT INTO db_sarlota.recept (id, naslov, priprema, omiljeni, fotografija, aktivan) VALUES (6, 'Čoko malina', '1.Pecnicu ugrijte na 180 stupnjeva.2.Kalup promjera 28 cm oblozite papirom za pecenje i lagano namazite margarinom.Raditi cemo tri biskvita svaki od gore navedenih sastojaka.4.
Brasno, prasak za pecivo i kakao prosijemo.5.Mikserom umutimo 3 jaja sa secerom dok ne postane pjenasto i blijedo zuto. Dodamo ulje i sve malo promiksamo, zatim naizmjence ( smanjite mikser na najmanju brzinu ili spatulom umijesajte mjesavinu brasna i mlijeka ) dodamo mjesavinu brasna, kakaa i praska za pecivo i mlijeko.', 0, 'https://scontent.fbeg5-1.fna.fbcdn.net/v/t39.30808-6/315078321_1732135897186669_9050068365233083251_n.jpg?_nc_cat=109&ccb=1-7&_nc_sid=8bfeb9&_nc_ohc=lBZ4O7j4og4AX-3E1kM&_nc_ht=scontent.fbeg5-1.fna&oh=00_AfCSiGe9X_HkKSbSa7EOJ4hTh5k3StvsJAnZnjQ88HitHA&oe=63E8AEE4', 1);
INSERT INTO db_sarlota.recept (id, naslov, priprema, omiljeni, fotografija, aktivan) VALUES (7, 'Šarlota', 'Složite red piškota, red kreme, pa opet red piškota, pa kreme i to je ukratko opis ove torte.
Ukrasite je popečenim listićima badema, čokoladnim ostrušcima ili šlagom po želji.
Jednostavno za pripremu, a više nego ukusno za vaše nepce.', 0, 'https://www.oetker.ba/Recipe/Recipes/oetker.ba/ba-bs/baking/image-thumb__81063__RecipeDetail/sarlota-s-kremom-od-jagoda.jpg', 1);
INSERT INTO db_sarlota.recept (id, naslov, priprema, omiljeni, fotografija, aktivan) VALUES (8, 'Kapri', 'Sadržaj vrećice pudinga pomiješajte s malo mlijeka i umiješajte žumanjke.', 0, 'https://scontent.fbeg5-1.fna.fbcdn.net/v/t39.30808-6/317088886_1743489396051319_5343104889798530500_n.jpg?_nc_cat=104&ccb=1-7&_nc_sid=8bfeb9&_nc_ohc=GApjJCbmlqgAX9GfgmZ&_nc_ht=scontent.fbeg5-1.fna&oh=00_AfD4gOGGvo2DPE2VOOtJngBX-_RbUlA8ubwLK_SpCAqw5w&oe=63E76AEE', 1);
INSERT INTO db_sarlota.recept (id, naslov, priprema, omiljeni, fotografija, aktivan) VALUES (9, 'Jaffa', 'Umiješajte pripremljeni puding i kad zavrije, uz miješanje, kuhajte nekoliko minuta.
4.Maknite s vatre, umiješajte bademe, maraskino, namočenu želatinu, kavu i dobro promiješajte.5.
Bjelanjke istucite u snijeg i umiješajte u kremu pa ostavite da se hladi uz povremeno miješanje.6.
Prije nego se krema počne želirati umiješajte slatko vrhnje istučeno u šlag. 7.U međuvremenu okvir kalupa za torte promjera 24 cm stavite na tanjur za posluživanje i složite piškote (s jedne strane kratko umočene u mlijeko) po rubu i dnu.
8. Dio kreme ulijte u kalup, zatim složite red piškota, kremu, piškote i završite kremom. Tortu ostavite na hladnom nekoliko sati (ili preko noći), a zatim skinite okvir kalupa za torte.', 0, 'https://scontent.fbeg5-1.fna.fbcdn.net/v/t39.30808-6/317868999_1747248279008764_8601525282671566372_n.jpg?_nc_cat=101&ccb=1-7&_nc_sid=8bfeb9&_nc_ohc=UIspnwx-3-sAX9Bo77i&_nc_ht=scontent.fbeg5-1.fna&oh=00_AfBp79t5dw8UZA1juCtgCJDd791lJ4_PDZgLEtWng8RHNw&oe=63E6F954', 1);
INSERT INTO db_sarlota.recept (id, naslov, priprema, omiljeni, fotografija, aktivan) VALUES (10, 'Posna Kapri Torta', 'Sadržaj vrećice pudinga pomiješajte s malo mlijeka i umiješajte žumanjke.
Sadržaj vrećice pudinga pomiješajte s malo mlijeka i umiješajte žumanjke.2.
Ostalo mlijeko pustite da zakuha, dodajte šećer, vanilin šećer, natrganu čokoladu i kratko prokuhajte.', 0, 'https://scontent.fbeg5-1.fna.fbcdn.net/v/t39.30808-6/317891476_1749463295453929_1136864234885882123_n.jpg?_nc_cat=102&ccb=1-7&_nc_sid=8bfeb9&_nc_ohc=J1Uez0nLkXsAX-REAhn&tn=U-z4D76lQUF2yCg5&_nc_ht=scontent.fbeg5-1.fna&oh=00_AfAw7aoiO3cK-ID3-4pqTBxDyIwCzDmvsM5DVq6zjWSEIQ&oe=63E6FBFC', 1);


INSERT INTO db_sarlota.zaposleni (id, ime, prezime, korisnicko_ime, lozinka, plata, tip_zaposlenog, fotografija) VALUES (1, 'Sarlota', 'Poslasticar', 'admin', '$2a$10$MrcxHg7oN9/XEVEZBuO4D.JqCTXvJS15L34dW2YC87.B/Bx8/tMm2', 2000, 0, 'https://bit.ly/3RzJ1UK');
INSERT INTO db_sarlota.zaposleni (id, ime, prezime, korisnicko_ime, lozinka, plata, tip_zaposlenog, fotografija) VALUES (124, 'Buddy', 'Valastro', 'radnik', '$2a$10$MrcxHg7oN9/XEVEZBuO4D.JqCTXvJS15L34dW2YC87.B/Bx8/tMm2', 1500, 1, 'https://i2-prod.mirror.co.uk/incoming/article4621334.ece/ALTERNATES/s1200c/Cake-boss.jpg');



INSERT INTO db_sarlota.kontakt (id, ime, prezime, broj_telefona, link_profila, email) VALUES (2, 'Milica', 'Milakovic', '065123456', 'https://www.facebook.com/milakovicmili/', 'milica@mail.com');
INSERT INTO db_sarlota.kontakt (id, ime, prezime, broj_telefona, link_profila, email) VALUES (3, 'Gorana', 'Golubovic', '065236548', 'https://www.facebook.com/milakovicmili/', 'gorana@mail.com');
INSERT INTO db_sarlota.kontakt (id, ime, prezime, broj_telefona, link_profila, email) VALUES (4, 'Milana', 'Knezevic', '066548934', 'https://www.facebook.com/milakovicmili/', 'milana@mail.com');
INSERT INTO db_sarlota.kontakt (id, ime, prezime, broj_telefona, link_profila, email) VALUES (5, 'Stefan', 'Kapetanovic', '065786256', 'https://www.facebook.com/milakovicmili/', 'stefan@mail.com');
INSERT INTO db_sarlota.kontakt (id, ime, prezime, broj_telefona, link_profila, email) VALUES (6, 'Danilo', 'Vrancic', '065125895', 'https://www.facebook.com/milakovicmili/', 'danilo@mail.com');
INSERT INTO db_sarlota.kontakt (id, ime, prezime, broj_telefona, link_profila, email) VALUES (7, 'Oliver', 'Eric', '066857658', 'https://www.facebook.com/milakovicmili/', 'oliver@mail.com');


INSERT INTO db_sarlota.namirnica (id, naziv, cijena_po_jedinici, jedinica) VALUES (1, 'brasno', 2.00, 'kg');
INSERT INTO db_sarlota.namirnica (id, naziv, cijena_po_jedinici, jedinica) VALUES (2, 'jaja', 0.40, 'komad');
INSERT INTO db_sarlota.namirnica (id, naziv, cijena_po_jedinici, jedinica) VALUES (3, 'mlijeko', 2.00, 'l');
INSERT INTO db_sarlota.namirnica (id, naziv, cijena_po_jedinici, jedinica) VALUES (4, 'plazma', 5.00, 'kutija');
INSERT INTO db_sarlota.namirnica (id, naziv, cijena_po_jedinici, jedinica) VALUES (5, 'orasi', 17.00, 'kg');
INSERT INTO db_sarlota.namirnica (id, naziv, cijena_po_jedinici, jedinica) VALUES (6, 'šlag', 3.00, 'l');


INSERT INTO db_sarlota.namirnica_u_receptu (id, recept_id, namirnica_id, kolicina) VALUES (1, 1, 1, 2.00);
INSERT INTO db_sarlota.namirnica_u_receptu (id, recept_id, namirnica_id, kolicina) VALUES (2, 1, 3, 2.00);
INSERT INTO db_sarlota.namirnica_u_receptu (id, recept_id, namirnica_id, kolicina) VALUES (3, 3, 3, 3.00);
INSERT INTO db_sarlota.namirnica_u_receptu (id, recept_id, namirnica_id, kolicina) VALUES (5, 2, 1, 2.00);
INSERT INTO db_sarlota.namirnica_u_receptu (id, recept_id, namirnica_id, kolicina) VALUES (6, 5, 5, 1.00);
INSERT INTO db_sarlota.namirnica_u_receptu (id, recept_id, namirnica_id, kolicina) VALUES (7, 2, 2, 2.00);
INSERT INTO db_sarlota.namirnica_u_receptu (id, recept_id, namirnica_id, kolicina) VALUES (8, 2, 2, 1.00);
INSERT INTO db_sarlota.namirnica_u_receptu (id, recept_id, namirnica_id, kolicina) VALUES (9, 4, 4, 2.00);
INSERT INTO db_sarlota.namirnica_u_receptu (id, recept_id, namirnica_id, kolicina) VALUES (27, 9, 2, 1.00);
INSERT INTO db_sarlota.namirnica_u_receptu (id, recept_id, namirnica_id, kolicina) VALUES (28, 10, 2, 2.00);


INSERT INTO db_sarlota.nabavka (id, datum, cijena) VALUES (1, '2023-02-04', 30);
INSERT INTO db_sarlota.nabavka (id, datum, cijena) VALUES (2, '2023-02-02', 20);
INSERT INTO db_sarlota.nabavka (id, datum, cijena) VALUES (5, '2023-02-05', 10);
INSERT INTO db_sarlota.nabavka (id, datum, cijena) VALUES (6, '2023-02-02', 318);


INSERT INTO db_sarlota.nabavka_namirnice (id, nabavka_id, namirnica_id, kolicina) VALUES (1, 1, 1, 1.00);
INSERT INTO db_sarlota.nabavka_namirnice (id, nabavka_id, namirnica_id, kolicina) VALUES (2, 1, 2, 2.00);
INSERT INTO db_sarlota.nabavka_namirnice (id, nabavka_id, namirnica_id, kolicina) VALUES (4, 2, 3, 4.00);
INSERT INTO db_sarlota.nabavka_namirnice (id, nabavka_id, namirnica_id, kolicina) VALUES (7, 5, 1, 5.00);
INSERT INTO db_sarlota.nabavka_namirnice (id, nabavka_id, namirnica_id, kolicina) VALUES (8, 6, 1, 4.00);
INSERT INTO db_sarlota.nabavka_namirnice (id, nabavka_id, namirnica_id, kolicina) VALUES (9, 6, 2, 10.00);
INSERT INTO db_sarlota.nabavka_namirnice (id, nabavka_id, namirnica_id, kolicina) VALUES (10, 6, 3, 5.00);

INSERT INTO db_sarlota.narudzba (id, datum_prijema, datum_isporuke, broj_komada, napomene, naziv, slika, kontakt, adresa, ime_narucioca, aktivna, cijena, id_recepta, velicina) VALUES (1, '2023-01-22 00:00:00', '2023-01-24 00:00:00', 36, 'rozi fondan', 'Sladoled torta', 'https://bit.ly/3HGkRTS', '066/693-933', 'Duška Koščice 25', 'Gorana Golubović', 1, 120.00, 1, 'Mala');
INSERT INTO db_sarlota.narudzba (id, datum_prijema, datum_isporuke, broj_komada, napomene, naziv, slika, kontakt, adresa, ime_narucioca, aktivna, cijena, id_recepta, velicina) VALUES (2, '2023-02-07 00:00:00', '2023-02-07 00:00:00', 36, 'rozi fondan', 'Sladoled torta', 'https://scontent.fbeg5-1.fna.fbcdn.net/v/t39.30808-6/300203250_1665344547199138_5229744400734416865_n.jpg?_nc_cat=108&ccb=1-7&_nc_sid=0debeb&_nc_ohc=uIZJr87yVKoAX-CFdG5&_nc_ht=scontent.fbeg5-1.fna&oh=00_AfD6aa0tvTLSHI7ZHujzU9U0Fim5sEFntK8Goui3g4LB_A&oe=63E85626', '066/693-933', 'Duška Koščice 25', 'Milica Milaković', 1, 120.00, 1, 'Mala');
INSERT INTO db_sarlota.narudzba (id, datum_prijema, datum_isporuke, broj_komada, napomene, naziv, slika, kontakt, adresa, ime_narucioca, aktivna, cijena, id_recepta, velicina) VALUES (4, '2023-02-02 02:04:39', '2023-02-11 02:04:51', 35, 'fondan', 'Djecija torta', 'https://scontent.fbeg5-1.fna.fbcdn.net/v/t39.30808-6/306284524_1681687065564886_8706890658298554346_n.jpg?_nc_cat=103&ccb=1-7&_nc_sid=0debeb&_nc_ohc=zd8WlujKR84AX_3JQdt&_nc_ht=scontent.fbeg5-1.fna&oh=00_AfA8YGFga3H2O3Uwws1lpEA1IuuQZROQ6x25Q-Js8-pirA&oe=63E8DE3D', '066125648', 'Duška Koščice 25', 'Milica Milaković', 1, 100.00, 2, 'Srednja');
INSERT INTO db_sarlota.narudzba (id, datum_prijema, datum_isporuke, broj_komada, napomene, naziv, slika, kontakt, adresa, ime_narucioca, aktivna, cijena, id_recepta, velicina) VALUES (5, '2023-01-08 02:06:35', '2023-01-11 02:06:45', 25, 'fondan', 'Rodjendanska torta', 'https://scontent.fbeg5-1.fna.fbcdn.net/v/t39.30808-6/302418051_1671906589876267_3304785689483062627_n.jpg?_nc_cat=102&ccb=1-7&_nc_sid=0debeb&_nc_ohc=G5-Vs-Z-CmYAX9aAzsl&_nc_ht=scontent.fbeg5-1.fna&oh=00_AfCvGzHk30aHkqghOkLteGiIhEGMO8M8YxUccDfUTtajVA&oe=63E8A3C0', '025458561', 'Adresa', 'Milica Milakovic', 1, 90.00, 3, 'Mala');
INSERT INTO db_sarlota.narudzba (id, datum_prijema, datum_isporuke, broj_komada, napomene, naziv, slika, kontakt, adresa, ime_narucioca, aktivna, cijena, id_recepta, velicina) VALUES (6, '2023-02-08 02:08:38', '2023-02-10 02:08:43', 50, 'fondan', 'Minnie Mouse', 'https://scontent.fbeg5-1.fna.fbcdn.net/v/t39.30808-6/298281906_1658962734503986_6930629493633536993_n.jpg?_nc_cat=110&ccb=1-7&_nc_sid=0debeb&_nc_ohc=_fl1iXUbVR0AX_Tcikm&_nc_ht=scontent.fbeg5-1.fna&oh=00_AfA14gI-T3FyiWQpqjfB_V6l4lwK8mAtCBC_woHlN4enDQ&oe=63E82006', '123456785', 'Adresa', 'Gorana Golubovic', 1, 110.00, 4, 'Velika');
INSERT INTO db_sarlota.narudzba (id, datum_prijema, datum_isporuke, broj_komada, napomene, naziv, slika, kontakt, adresa, ime_narucioca, aktivna, cijena, id_recepta, velicina) VALUES (7, '2023-02-07 02:10:08', '2023-02-13 02:10:19', 35, 'fondan', 'Boho Torta', 'https://scontent.fbeg5-1.fna.fbcdn.net/v/t39.30808-6/293159562_1637538296646430_4149363851392039815_n.jpg?_nc_cat=101&ccb=1-7&_nc_sid=0debeb&_nc_ohc=p3Za5Uq9iZkAX_V87uH&_nc_ht=scontent.fbeg5-1.fna&oh=00_AfAVa4C7NgN_LM4jNqpSIfBZfxKHdbSXYicYjzy4TE5FMw&oe=63E78067', '065245485', 'Adresa', 'Gorana ', 1, 110.00, 5, 'Velika');
INSERT INTO db_sarlota.narudzba (id, datum_prijema, datum_isporuke, broj_komada, napomene, naziv, slika, kontakt, adresa, ime_narucioca, aktivna, cijena, id_recepta, velicina) VALUES (8, '2023-02-06 02:11:36', '2023-02-15 02:11:47', 40, 'fondan', 'Dzungla Torta', 'https://scontent.fbeg5-1.fna.fbcdn.net/v/t39.30808-6/291866289_1631963500537243_2848227384911862137_n.jpg?_nc_cat=102&ccb=1-7&_nc_sid=0debeb&_nc_ohc=ux5bwy93hc4AX8hcRJO&tn=U-z4D76lQUF2yCg5&_nc_ht=scontent.fbeg5-1.fna&oh=00_AfC091U2EDFFVhe15XznmfyPyk01LbPz1tt6nPGu9ZQV8Q&oe=63E713A2', '065212325', 'Adresa', 'Marko Markovic', 1, 120.00, 4, 'Srednja');
INSERT INTO db_sarlota.narudzba (id, datum_prijema, datum_isporuke, broj_komada, napomene, naziv, slika, kontakt, adresa, ime_narucioca, aktivna, cijena, id_recepta, velicina) VALUES (9, '2023-01-12 02:12:58', '2023-01-18 02:13:10', 100, 'svadbena', 'Svadbena Torta', 'https://scontent.fbeg5-1.fna.fbcdn.net/v/t39.30808-6/287329044_1616789462054647_2723819464585018901_n.jpg?_nc_cat=105&ccb=1-7&_nc_sid=0debeb&_nc_ohc=lb6lnzY8--UAX-SAMLP&_nc_ht=scontent.fbeg5-1.fna&oh=00_AfB2koAtd6a4rCiBo94GKEbPER3UXHWVXoTZNTH4KmEh7Q&oe=63E6EC87', '065268452', 'Adresa', 'Jelena Jovanic', 1, 250.00, 4, 'Velika');
INSERT INTO db_sarlota.narudzba (id, datum_prijema, datum_isporuke, broj_komada, napomene, naziv, slika, kontakt, adresa, ime_narucioca, aktivna, cijena, id_recepta, velicina) VALUES (10, '2023-02-01 02:15:04', '2023-02-19 02:15:12', 30, 'djecija', 'Medo Torta', 'https://scontent.fbeg5-1.fna.fbcdn.net/v/t39.30808-6/286433435_1612581515808775_3662067667879090180_n.jpg?_nc_cat=103&ccb=1-7&_nc_sid=0debeb&_nc_ohc=yDyf3lQmt08AX-j2AA4&_nc_ht=scontent.fbeg5-1.fna&oh=00_AfBT-v53ZhJECqSC-NNyuaWEnYdi9u2Wey4iPIgD_UVqyg&oe=63E79A55', '065123564', 'Adresa', 'Milana Peric', 1, 120.00, 3, 'Srednja');
INSERT INTO db_sarlota.narudzba (id, datum_prijema, datum_isporuke, broj_komada, napomene, naziv, slika, kontakt, adresa, ime_narucioca, aktivna, cijena, id_recepta, velicina) VALUES (11, '2023-02-03 02:17:08', '2023-03-10 02:17:14', 60, 'fondan', 'Kofer Torta', 'https://scontent.fbeg5-1.fna.fbcdn.net/v/t39.30808-6/278572447_1582520012148259_7333586388335330502_n.jpg?_nc_cat=107&ccb=1-7&_nc_sid=0debeb&_nc_ohc=PJVEzfQ9XKgAX8oy5Gp&_nc_ht=scontent.fbeg5-1.fna&oh=00_AfC1qntylbR684kYw2BSy1VFwbuLIFuZZ-1a-YV7LX-kDg&oe=63E81556', '065214575', 'Adresa', 'Jovan Milic', 1, 120.00, 6, 'Srednja');

